<?xml version="1.0" encoding="UTF-8"?>
<beans xmlns="http://www.springframework.org/schema/beans"
       xmlns:context="http://www.springframework.org/schema/context"
       xmlns:xsi="http://www.w3.org/2001/XMLSchema-instance"
       xsi:schemaLocation="http://www.springframework.org/schema/beans
			http://www.springframework.org/schema/beans/spring-beans-3.1.xsd
			http://www.springframework.org/schema/context
			http://www.springframework.org/schema/context/spring-context-3.1.xsd">

    <bean id="sessionFactory"
          class="org.springframework.orm.hibernate4.LocalSessionFactoryBean">
        <property name="dataSource" ref="dataSource" />
        <property name="hibernateProperties">
            <props>
                <prop key="show_sql">
                    true
                </prop>
                <prop key="hibernate.connection.driver_class">com.mysql.jdbc.Driver</prop>
                <prop key="hibernate.dialect">org.hibernate.dialect.MySQL5Dialect</prop>
                <prop key="hibernate.show_sql">true</prop>
                <prop key="hiberante.format_sql">true</prop>
                <prop key="hiberante.connection.autocommit">true</prop>
                <prop key="hibernate.connection.url">jdbc:mysql://10.60.45.44:3306/cs</prop>
            </props>
        </property>
        <property name="annotatedClasses">
            <list>
                <value>com.models.Result</value>
            </list>
        </property>
    </bean>
    <bean id="dataSource"
          class="org.springframework.jdbc.datasource.DriverManagerDataSource">
        <property name="driverClassName" value="com.mysql.jdbc.Driver" />
        <property name="url" value="jdbc:mysql://10.60.45.44:3306/cs?characterEncoding=UTF-8"/>
        <property name="username" value="root" />
        <property name="password" value="root" />
    </bean>

    <bean id="transactionManager"
          class="org.springframework.orm.hibernate4.HibernateTransactionManager">
        <property name="sessionFactory" ref="sessionFactory"></property>
    </bean>


    <bean id="hibernateTemplate" class="org.springframework.orm.hibernate4.HibernateTemplate">
        <property name="sessionFactory" ref="sessionFactory"></property>
    </bean>
</beans>